feature,importance_mean,importance_std,val_imp_0,val_imp_1,val_imp_2,val_imp_3,val_imp_4
dias_en_portal,5526.639408527641,11545.547068577062,1430.560545126733,3717.6863932597917,28001.587997170107,-1336.396208202932,-4180.241684715496
ciudad_Manalapan,5178.382716125401,10974.543255329876,3340.2222737548873,6800.330030070618,24923.15047029202,-7383.695059891557,-1788.0941335989628
ciudad_Santa Rosa Beach,892.7755680993432,748.1581041265799,-54.102619211014826,921.3791373088607,161.63193467626115,1774.2516787666827,1660.7177089559264
ciudad_Ponte Vedra Beach,850.8325217812904,590.8209246310976,1702.8686051215627,1155.1462044961518,-100.65116819611285,733.0982868667925,763.700680618058
ciudad_Clearwater,739.5393929662532,1507.1721362765516,3544.1244475269923,-332.6059941313579,1056.0381252326188,-552.6987857148633,-17.16082808212377
ciudad_Webster,666.2957065862953,818.5741315491063,1762.3330013799132,0.0,-296.6025372753502,1496.686630160897,369.06143866601633
ciudad_Islamorada,653.5783184163854,864.8923652151112,456.9923608323443,1896.596368183149,442.5737723003258,1174.7366334298276,-703.0075426637195
ciudad_Winter Garden,630.7860255015781,943.0962221368353,2352.3031306095654,868.8808352567139,236.61557132267626,0.0,-303.869409681065
ciudad_Highland Beach,614.2683199041523,1411.898854796055,1765.765405231563,629.0465648734244,-2055.9789128252887,1802.1108537697583,930.3976884713047
ciudad_Tallahassee,588.0880680466886,1176.1761360933772,2940.440340233443,0.0,0.0,0.0,0.0
ciudad_Coral Gables,497.6290748937405,1150.077087739445,-1529.7341758378898,874.5440472745686,1306.5130860828795,1740.8196655247011,96.00275142444298
tipo_vivienda_MANUFACTURED,483.6853588347323,590.6780412483388,216.34564987121848,1345.434436278767,454.39542726572836,-419.3108432845911,821.5621240425389
ciudad_Golden Oak,440.13621380521215,354.57376850796834,920.2222330610966,456.0057654353441,93.94947749865241,730.5035930309677,0.0
es_constructor_premier,419.0002148471307,945.0161349743507,2301.5289990837337,-8.895818177727051,-214.07374123332556,9.920443034847267,6.5211915281252
url_tour_virtual_tercero_aprobado,410.2686742206803,1414.2103255004413,3161.147710317513,-2.635971742332913,-899.7354442308424,-197.67463256424526,-9.758290676691104
ciudad_Port Saint Joe,403.0630366542726,881.0448697214504,-2.6682006927439943,-502.5371310012415,1760.2296498426585,1105.9274806266185,-345.6366155039286
ciudad_Jacksonville Beach,391.72598868398927,1109.090484372927,1101.4102931642556,1024.9702771935845,1655.0132890603854,-555.2338659310481,-1267.530050067231
ciudad_Indian Rocks Beach,386.8494636063348,1454.0491629442952,2135.417352740071,1280.1287069921382,-1155.0289148932789,1203.1561990110786,-1529.426025818335
ciudad_Sunny Isles Beach,324.8980780032231,1164.3241280107352,165.42880130111007,244.6776519935229,666.831424113363,2093.699649456772,-1546.1471368486527
ciudad_Marco Island,306.2866526339203,970.5270761942606,1488.1525127248024,-428.9562433983083,-1090.2849064510083,350.78928181360243,1211.7326184805133
ciudad_Davenport,300.10712225257885,600.2142445051577,1500.5356112628942,0.0,0.0,0.0,0.0
ciudad_Palm Beach Gardens,278.2950637534959,837.0660737171098,783.70725854591,1150.66656027094,376.2323217659723,373.6382489554235,-1292.7690707707661
ciudad_Indian Lake Estates,259.51529644256226,251.67285193527647,435.4047842301079,582.1362460258533,-115.9248062359984,326.7168927695602,69.2433654232882
ciudad_Center Hill,254.500389104418,561.9210694425456,363.45980688161217,1281.7846494173282,-356.79025861038826,-15.95225216646213,0.0
extracted_dimension_MultiFamily,243.84877077703132,2638.075826996876,2231.4831053347443,2197.4157385565923,0.0,-4777.794253817876,1568.1392638116959
ciudad_Coconut Grove,232.00372879168717,302.73714272442436,745.1697161804186,0.0,414.84892777801724,0.0,0.0
ciudad_Clermont,201.71759656596697,403.4351931319339,0.0,1008.5879828298348,0.0,0.0,0.0
ciudad_Westville,189.53788805954392,622.5028054933482,0.0,0.0,-782.363542258623,930.3617643100442,799.6912182462984
ciudad_Bonita Springs,189.5099508981686,1265.4424272431834,2668.4775688988157,-2.3507800410152413,-805.2234443761408,-460.0341266934993,-453.31946329731727
ciudad_Freeport,188.8590934876469,1384.7404528986676,2688.005841772654,0.0,-167.82869496027706,9.124397757579572,-1585.0060771317221
ciudad_Boca Grande,185.28046320781579,2087.077792984737,2027.8692095479928,446.86958679155214,-1209.9656947595067,2669.6438099733205,-3008.01459551428
ciudad_Fernandina Beach,182.45651188989868,730.2042847524929,-237.299798890308,1140.4964431563858,-423.4954906483763,991.6900460509933,-559.1086402192013
ciudad_Dunnellon,178.30798470939044,578.1069535467994,1014.1010124898748,568.8366914287326,-691.3977803716552,0.0,0.0
ciudad_Neptune Beach,177.65109078903916,216.696655732426,0.0,68.4113983392599,0.0,248.93368017830653,570.9103754276293
ciudad_Plant City,173.73783161730972,347.47566323461945,0.0,0.0,868.6891580865486,0.0,0.0
ciudad_Duck Key,169.79710047909757,335.5758851407225,0.0,0.0,840.9197906996123,0.0,8.065711695875507
ciudad_Stuart,155.68511327452725,311.37022654905445,778.4255663726362,0.0,0.0,0.0,0.0
ciudad_Sewalls Point,153.92479081461207,352.9678102719136,855.1609676094376,42.31873610627372,-72.01735164847923,-55.83839799417183,0.0
ciudad_Tierra Verde,147.64138042317936,694.0429810481517,672.7744472303311,-311.1193923666142,-948.2898765786667,353.2356714538182,971.6060523770284
ciudad_Oxford,135.24518786449917,234.2230231465811,0.0,0.0,0.0,599.9503873041831,76.27555201831274
ciudad_Ellenton,124.9173133174656,1163.435122713497,1214.6062053706264,337.9692130155163,1089.365645372949,0.0,-2017.3544971717638
ciudad_North Redington Beach,116.88561542269308,322.12485394669676,0.0,3.7046261889627203,-305.3840152872144,668.0726225667167,218.03484364500036
ciudad_Ave Maria,116.05842706490075,282.448342287628,647.0431118592969,-183.94189841637854,117.19092188158538,0.0,0.0
ciudad_Kissimmee,113.77165271171835,180.31982117123147,0.0,-84.15108985971892,267.3264687714982,385.68288464681245,0.0
ciudad_Hollywood,110.08924702766816,646.4398593264588,-825.1093361793319,-123.03571504750289,743.1198692394537,-177.45875973301008,932.930176858732
ciudad_Hialeah,103.55032378486358,727.179703568832,0.0,-970.0165089906659,173.83760740427533,0.0,1313.9305205107084
ciudad_Windermere,102.46307507933815,1288.8825010489352,-582.8705778761068,329.400781493925,1273.854883363063,1500.7539137097192,-2008.8236252939096
ciudad_Deland,98.79807081604376,382.74444004477783,-167.8490160346846,0.0,847.6801991304383,0.0,-185.84082901553484
ciudad_Mexico Beach,74.16833769571967,148.75072128353344,371.6690899193054,0.0,0.0,0.0,-0.8274014407070354
ciudad_Defuniak Springs,67.96244472627295,820.5428889261028,-1389.8025484416867,0.0,264.06518828030676,1129.2267396200332,336.3228441727115
ciudad_North Bay Village,66.11521656630794,921.0325339421471,1362.2952193915844,-797.8639248887193,0.0,816.7697527282871,-1050.6249643996125
ciudad_Interlachen,64.31449571973644,128.62899143947288,0.0,0.0,321.5724785986822,0.0,0.0
ciudad_Indian Shores,58.03227784414776,743.1556291397887,0.0,-147.01735165610444,321.3185954983928,1208.2927641533315,-1092.4326187748811
ciudad_Hudson,52.8494911332964,537.7922621595576,0.0,-582.7626804436441,929.2357170723844,-397.19989153614733,314.97431057388894
ciudad_Ponce Inlet,49.48835328788264,98.97670657576528,0.0,0.0,0.0,247.4417664394132,0.0
ciudad_Avon Park,39.08484822534956,518.5414489531951,476.7707937625237,-862.680249466619,0.0,-34.57326448283857,615.9069613136817
tipo_vivienda_APARTMENT,37.902076192526145,197.1018845550253,0.0,0.0,397.63429930852726,0.0,-208.12391834589653
ciudad_Lake Clarke Shores,33.958169480320066,41.5927084687092,84.15805323451059,0.0,85.63279416708974,0.0,0.0
ciudad_Tampa,28.14314655418275,826.2923419473273,1195.5550689197844,-566.3483583624475,-1011.368444266729,-242.58825855655596,765.4657250368618
ciudad_Lake City,25.051175526424778,534.4771782072113,962.2178291986347,-657.0225825069356,-259.8757822387852,0.0,79.93641317920992
ciudad_Anna Maria,21.024932286143304,1394.849396938663,2651.840551024128,-1174.2067411124008,-580.8094653908047,182.28545034991112,-973.9851334401174
ciudad_Montverde,20.31473454468651,298.7210555890362,521.4651670526364,-419.89149432920385,0.0,0.0,0.0
ciudad_Weston,13.330432657978964,504.4093835789384,-763.7973021392245,0.0,830.4494654291193,0.0,0.0
unidades_area_lote_Acres,11.585119766381103,19.68245050156933,5.288999272568617,0.0,49.765890697424766,-5.612035647733137,8.482744509645272
ciudad_2dgm8z Inlet Beach,10.366125421400648,20.732250842801292,0.0,0.0,0.0,51.83062710700324,0.0
ciudad_Tequesta,8.38763030564878,16.775260611297558,41.93815152824391,0.0,0.0,0.0,0.0
ciudad_Pensacola,7.590658959676512,15.181317919353024,0.0,0.0,0.0,0.0,37.95329479838256
ciudad_Pt Saint Lucie,7.029003025987185,14.058006051974372,0.0,35.14501512993593,0.0,0.0,0.0
ciudad_Key West,5.415290533786174,10.830581067572348,27.07645266893087,0.0,0.0,0.0,0.0
ciudad_Lake Placid,3.507390651991591,7.014781303983181,0.0,0.0,17.536953259957954,0.0,0.0
ciudad_Davie,0.42129387443419547,0.8425877488683909,0.0,0.0,0.0,0.0,2.1064693721709773
extracted_dimension_Townhouse,0.30664516558172183,2.803314594690844,0.0,-0.2416422048700042,-3.4788888444309123,0.0,5.2537568772095256
ciudad_Monticello,0.0,0.0,0.0,0.0,0.0,0.0,0.0
ciudad_Earleton,0.0,0.0,0.0,0.0,0.0,0.0,0.0
ciudad_Edgewood,0.0,0.0,0.0,0.0,0.0,0.0,0.0
tipo_vivienda_LAND,0.0,0.0,0.0,0.0,0.0,0.0,0.0
ciudad_St Teresa,0.0,0.0,0.0,0.0,0.0,0.0,0.0
ciudad_kissimmee,0.0,0.0,0.0,0.0,0.0,0.0,0.0
ciudad_Port Orange,0.0,0.0,0.0,0.0,0.0,0.0,0.0
ciudad_Howey In the Hills,0.0,0.0,0.0,0.0,0.0,0.0,0.0
ciudad_Cudjoe Key,0.0,0.0,0.0,0.0,0.0,0.0,0.0
ciudad_Malabar,0.0,0.0,0.0,0.0,0.0,0.0,0.0
ciudad_Pt Richey,0.0,0.0,0.0,0.0,0.0,0.0,0.0
ciudad_Lake Worth Beach,0.0,0.0,0.0,0.0,0.0,0.0,0.0
ciudad_Pt Orange,0.0,0.0,0.0,0.0,0.0,0.0,0.0
ciudad_Auburndale,0.0,0.0,0.0,0.0,0.0,0.0,0.0
ciudad_Golf,0.0,0.0,0.0,0.0,0.0,0.0,0.0
ciudad_ATLANTIC BEACH,0.0,0.0,0.0,0.0,0.0,0.0,0.0
ciudad_Saint Cloud,0.0,0.0,0.0,0.0,0.0,0.0,0.0
ciudad_Lynn Haven,0.0,0.0,0.0,0.0,0.0,0.0,0.0
ciudad_Crystal Beach,0.0,0.0,0.0,0.0,0.0,0.0,0.0
ciudad_Lake Wales,0.0,0.0,0.0,0.0,0.0,0.0,0.0
ciudad_Sebastian,0.0,0.0,0.0,0.0,0.0,0.0,0.0
ciudad_Lamont,0.0,0.0,0.0,0.0,0.0,0.0,0.0
ciudad_Maria,0.0,0.0,0.0,0.0,0.0,0.0,0.0
ciudad_Bell,0.0,0.0,0.0,0.0,0.0,0.0,0.0
ciudad_Fort Myers,0.0,0.0,0.0,0.0,0.0,0.0,0.0
ciudad_Mayo,0.0,0.0,0.0,0.0,0.0,0.0,0.0
ciudad_Palm Harbor,0.0,0.0,0.0,0.0,0.0,0.0,0.0
ciudad_Sopchoppy,0.0,0.0,0.0,0.0,0.0,0.0,0.0
ciudad_Saint Johns,0.0,0.0,0.0,0.0,0.0,0.0,0.0
ciudad_Sewalls Pt,0.0,0.0,0.0,0.0,0.0,0.0,0.0
ciudad_Satsuma,0.0,0.0,0.0,0.0,0.0,0.0,0.0
ciudad_Maitland,0.0,0.0,0.0,0.0,0.0,0.0,0.0
ciudad_Upper Captiva,0.0,0.0,0.0,0.0,0.0,0.0,0.0
ciudad_Newberry,0.0,0.0,0.0,0.0,0.0,0.0,0.0
ciudad_LAKE WALES,0.0,0.0,0.0,0.0,0.0,0.0,0.0
ciudad_WEBSTER,0.0,0.0,0.0,0.0,0.0,0.0,0.0
ciudad_Babcock Ranch,0.0,0.0,0.0,0.0,0.0,0.0,0.0
ciudad_Key Colony Beach,0.0,0.0,0.0,0.0,0.0,0.0,0.0
ciudad_Lauderdale Lakes,0.0,0.0,0.0,0.0,0.0,0.0,0.0
ciudad_South Bay,0.0,0.0,0.0,0.0,0.0,0.0,0.0
ciudad_Coleman,0.0,0.0,0.0,0.0,0.0,0.0,0.0
ciudad_Matlacha,0.0,0.0,0.0,0.0,0.0,0.0,0.0
ciudad_Dowling Park,0.0,0.0,0.0,0.0,0.0,0.0,0.0
ciudad_Lower Matecumbe Key,0.0,0.0,0.0,0.0,0.0,0.0,0.0
ciudad_Long Key,0.0,0.0,0.0,0.0,0.0,0.0,0.0
ciudad_Salt Springs,0.0,0.0,0.0,0.0,0.0,0.0,0.0
ciudad_FERNANDINA BEACH,0.0,0.0,0.0,0.0,0.0,0.0,0.0
ciudad_SANFORD,0.0,0.0,0.0,0.0,0.0,0.0,0.0
ciudad_O Brien,0.0,0.0,0.0,0.0,0.0,0.0,0.0
ciudad_Caryville,0.0,0.0,0.0,0.0,0.0,0.0,0.0
ciudad_Masaryktown,0.0,0.0,0.0,0.0,0.0,0.0,0.0
ciudad_Temple Terrace,0.0,0.0,0.0,0.0,0.0,0.0,0.0
ciudad_PALM BAY,0.0,0.0,0.0,0.0,0.0,0.0,0.0
ciudad_Lithia,0.0,0.0,0.0,0.0,0.0,0.0,0.0
ciudad_Greenville,0.0,0.0,0.0,0.0,0.0,0.0,0.0
ciudad_Middleburg,0.0,0.0,0.0,0.0,0.0,0.0,0.0
ciudad_Cooper City,0.0,0.0,0.0,0.0,0.0,0.0,0.0
ciudad_Inverness,0.0,0.0,0.0,0.0,0.0,0.0,0.0
ciudad_Lloyd,0.0,0.0,0.0,0.0,0.0,0.0,0.0
ciudad_And B Crestview,0.0,0.0,0.0,0.0,0.0,0.0,0.0
ciudad_Silver springs,0.0,0.0,0.0,0.0,0.0,0.0,0.0
ciudad_Lakeshore,0.0,0.0,0.0,0.0,0.0,0.0,0.0
ciudad_Pembroke Park,0.0,0.0,0.0,0.0,0.0,0.0,0.0
ciudad_Pace,0.0,0.0,0.0,0.0,0.0,0.0,0.0
ciudad_Molino,0.0,0.0,0.0,0.0,0.0,0.0,0.0
ciudad_N Fort Myers,0.0,0.0,0.0,0.0,0.0,0.0,0.0
ciudad_Royal Palm Beach,0.0,0.0,0.0,0.0,0.0,0.0,0.0
ciudad_G3dlfx Watersound,0.0,0.0,0.0,0.0,0.0,0.0,0.0
tipo_vivienda_HOME_TYPE_UNKNOWN,0.0,0.0,0.0,0.0,0.0,0.0,0.0
ciudad_Daytona Beach Shores,0.0,0.0,0.0,0.0,0.0,0.0,0.0
ciudad_Fort myers,0.0,0.0,0.0,0.0,0.0,0.0,0.0
ciudad_Cayo Costa,0.0,0.0,0.0,0.0,0.0,0.0,0.0
ciudad_Polk City,0.0,0.0,0.0,0.0,0.0,0.0,0.0
ciudad_Eagle Lake,0.0,0.0,0.0,0.0,0.0,0.0,0.0
ciudad_Shalimar,0.0,0.0,0.0,0.0,0.0,0.0,0.0
ciudad_Virginia Gardens,0.0,0.0,0.0,0.0,0.0,0.0,0.0
ciudad_Atlantis,0.0,0.0,0.0,0.0,0.0,0.0,0.0
ciudad_Jacksonville,0.0,0.0,0.0,0.0,0.0,0.0,0.0
ciudad_Mulberry,0.0,0.0,0.0,0.0,0.0,0.0,0.0
ciudad_Saint Augustine Beach,0.0,0.0,0.0,0.0,0.0,0.0,0.0
ciudad_Port Salerno,0.0,0.0,0.0,0.0,0.0,0.0,0.0
ciudad_Grand Island,0.0,0.0,0.0,0.0,0.0,0.0,0.0
ciudad_Gibsonton,0.0,0.0,0.0,0.0,0.0,0.0,0.0
ciudad_Tavernier,0.0,0.0,0.0,0.0,0.0,0.0,0.0
ciudad_Augustine,0.0,0.0,0.0,0.0,0.0,0.0,0.0
ciudad_Big Pine,0.0,0.0,0.0,0.0,0.0,0.0,0.0
ciudad_Duette,0.0,0.0,0.0,0.0,0.0,0.0,0.0
ciudad_Lauderdale By the Sea,0.0,0.0,0.0,0.0,0.0,0.0,0.0
ciudad_Bristol,0.0,0.0,0.0,0.0,0.0,0.0,0.0
ciudad_Fern Park,0.0,0.0,0.0,0.0,0.0,0.0,0.0
ciudad_Pembroke Pines,0.0,0.0,0.0,0.0,0.0,0.0,0.0
ciudad_New Port Richey,0.0,0.0,0.0,0.0,0.0,0.0,0.0
ciudad_Port Charlotte,0.0,0.0,0.0,0.0,0.0,0.0,0.0
ciudad_Enterprise,0.0,0.0,0.0,0.0,0.0,0.0,0.0
ciudad_Cross City,0.0,0.0,0.0,0.0,0.0,0.0,0.0
ciudad_Saint Marks,0.0,0.0,0.0,0.0,0.0,0.0,0.0
ciudad_Saint Lucie West,0.0,0.0,0.0,0.0,0.0,0.0,0.0
ciudad_Fort White,0.0,0.0,0.0,0.0,0.0,0.0,0.0
ciudad_Mount Dora,0.0,0.0,0.0,0.0,0.0,0.0,0.0
ciudad_Lake wales,0.0,0.0,0.0,0.0,0.0,0.0,0.0
ciudad_Port Labelle,0.0,0.0,0.0,0.0,0.0,0.0,0.0
ciudad_Apopka,0.0,0.0,0.0,0.0,0.0,0.0,0.0
ciudad_Haverhill,0.0,0.0,0.0,0.0,0.0,0.0,0.0
ciudad_Venus,0.0,0.0,0.0,0.0,0.0,0.0,0.0
ciudad_Dover,0.0,0.0,0.0,0.0,0.0,0.0,0.0
ciudad_Fort Pierce,0.0,0.0,0.0,0.0,0.0,0.0,0.0
ciudad_Madison,0.0,0.0,0.0,0.0,0.0,0.0,0.0
ciudad_Palmetto,0.0,0.0,0.0,0.0,0.0,0.0,0.0
ciudad_Baker,0.0,0.0,0.0,0.0,0.0,0.0,0.0
ciudad_Haines City,0.0,0.0,0.0,0.0,0.0,0.0,0.0
ciudad_Jasper,0.0,0.0,0.0,0.0,0.0,0.0,0.0
ciudad_Anthony,0.0,0.0,0.0,0.0,0.0,0.0,0.0
ciudad_Laurel Hill,0.0,0.0,0.0,0.0,0.0,0.0,0.0
ciudad_13y1oo Watersound,0.0,0.0,0.0,0.0,0.0,0.0,0.0
ciudad_Everglades City,0.0,0.0,0.0,0.0,0.0,0.0,0.0
ciudad_Lee,0.0,0.0,0.0,0.0,0.0,0.0,0.0
ciudad_Briny Breezes,0.0,0.0,0.0,0.0,0.0,0.0,0.0
ciudad_Florahome,0.0,0.0,0.0,0.0,0.0,0.0,0.0
ciudad_Wauchula,0.0,0.0,0.0,0.0,0.0,0.0,0.0
ciudad_Lulu,0.0,0.0,0.0,0.0,0.0,0.0,0.0
ciudad_Grassy Key,0.0,0.0,0.0,0.0,0.0,0.0,0.0
ciudad_Matlacha Isles,0.0,0.0,0.0,0.0,0.0,0.0,0.0
ciudad_Cape San Blas,0.0,0.0,0.0,0.0,0.0,0.0,0.0
ciudad_Marathon,0.0,0.0,0.0,0.0,0.0,0.0,0.0
ciudad_Saint cloud,0.0,0.0,0.0,0.0,0.0,0.0,0.0
ciudad_Tamarac,0.0,0.0,0.0,0.0,0.0,0.0,0.0
ciudad_Rockledge,0.0,0.0,0.0,0.0,0.0,0.0,0.0
ciudad_Bryceville,0.0,0.0,0.0,0.0,0.0,0.0,0.0
ciudad_Suwannee,0.0,0.0,0.0,0.0,0.0,0.0,0.0
ciudad_Ft Walton Bch,0.0,0.0,0.0,0.0,0.0,0.0,0.0
ciudad_Port St Lucie,0.0,0.0,0.0,0.0,0.0,0.0,0.0
ciudad_Homosassaa,0.0,0.0,0.0,0.0,0.0,0.0,0.0
ciudad_Astatula,0.0,0.0,0.0,0.0,0.0,0.0,0.0
ciudad_Elkton,0.0,0.0,0.0,0.0,0.0,0.0,0.0
ciudad_Jennings,0.0,0.0,0.0,0.0,0.0,0.0,0.0
ciudad_Perdido Key,0.0,0.0,0.0,0.0,0.0,0.0,0.0
ciudad_Upper Matecumbe Key,0.0,0.0,0.0,0.0,0.0,0.0,0.0
ciudad_Weeki wachee,0.0,0.0,0.0,0.0,0.0,0.0,0.0
ciudad_Starke,0.0,0.0,0.0,0.0,0.0,0.0,0.0
ciudad_Cove Springs,0.0,0.0,0.0,0.0,0.0,0.0,0.0
ciudad_Satellite Beach,0.0,0.0,0.0,0.0,0.0,0.0,0.0
ciudad_Altamonte Springs,0.0,0.0,0.0,0.0,0.0,0.0,0.0
extracted_dimension_Cooperative,0.0,0.0,0.0,0.0,0.0,0.0,0.0
ciudad_Groveland,0.0,0.0,0.0,0.0,0.0,0.0,0.0
ciudad_Blountstown,0.0,0.0,0.0,0.0,0.0,0.0,0.0
ciudad_Hialeah Gardens,0.0,0.0,0.0,0.0,0.0,0.0,0.0
ciudad_Southport,0.0,0.0,0.0,0.0,0.0,0.0,0.0
ciudad_Petersburg,0.0,0.0,0.0,0.0,0.0,0.0,0.0
ciudad_Winter Springs,0.0,0.0,0.0,0.0,0.0,0.0,0.0
ciudad_Titusville,0.0,0.0,0.0,0.0,0.0,0.0,0.0
ciudad_Greenacres,0.0,0.0,0.0,0.0,0.0,0.0,0.0
ciudad_Port Richey,0.0,0.0,0.0,0.0,0.0,0.0,0.0
ciudad_West Melbourne,0.0,0.0,0.0,0.0,0.0,0.0,0.0
ciudad_Belle Glade,0.0,0.0,0.0,0.0,0.0,0.0,0.0
ciudad_lehigh acres,0.0,0.0,0.0,0.0,0.0,0.0,0.0
ciudad_Port saint joe,0.0,0.0,0.0,0.0,0.0,0.0,0.0
ciudad_Harmony,0.0,0.0,0.0,0.0,0.0,0.0,0.0
zona_horaria_America/Chicago,0.0,0.0,0.0,0.0,0.0,0.0,0.0
ciudad_St. George Island,0.0,0.0,0.0,0.0,0.0,0.0,0.0
ciudad_Useppa Island,0.0,0.0,0.0,0.0,0.0,0.0,0.0
ciudad_Green Cove Springs,0.0,0.0,0.0,0.0,0.0,0.0,0.0
ciudad_Polk city,0.0,0.0,0.0,0.0,0.0,0.0,0.0
ciudad_Belleair Beach,0.0,0.0,0.0,0.0,0.0,0.0,0.0
ciudad_Pahokee,0.0,0.0,0.0,0.0,0.0,0.0,0.0
ciudad_St. Petersburg,0.0,0.0,0.0,0.0,0.0,0.0,0.0
ciudad_Clarksville,0.0,0.0,0.0,0.0,0.0,0.0,0.0
ciudad_Inglis,0.0,0.0,0.0,0.0,0.0,0.0,0.0
ciudad_Panacea,0.0,0.0,0.0,0.0,0.0,0.0,0.0
ciudad_Callahan,0.0,0.0,0.0,0.0,0.0,0.0,0.0
ciudad_Fanning Springs,0.0,0.0,0.0,0.0,0.0,0.0,0.0
ciudad_PANAMA CITY,0.0,0.0,0.0,0.0,0.0,0.0,0.0
ciudad_Lorida,0.0,0.0,0.0,0.0,0.0,0.0,0.0
ciudad_Holly Hill,0.0,0.0,0.0,0.0,0.0,0.0,0.0
ciudad_Leesburg,0.0,0.0,0.0,0.0,0.0,0.0,0.0
ciudad_Tarpon Springs,0.0,0.0,0.0,0.0,0.0,0.0,0.0
ciudad_Mangonia Park,0.0,0.0,0.0,0.0,0.0,0.0,0.0
ciudad_Fort Meade,0.0,0.0,0.0,0.0,0.0,0.0,0.0
ciudad_Chokoloskee Island,0.0,0.0,0.0,0.0,0.0,0.0,0.0
ciudad_Holt,0.0,0.0,0.0,0.0,0.0,0.0,0.0
ciudad_FORT LAUDERDALE,0.0,0.0,0.0,0.0,0.0,0.0,0.0
ciudad_Intercession City,0.0,0.0,0.0,0.0,0.0,0.0,0.0
ciudad_Greenwood,0.0,0.0,0.0,0.0,0.0,0.0,0.0
ciudad_Umatilla,0.0,0.0,0.0,0.0,0.0,0.0,0.0
ciudad_Zephyrhills,0.0,0.0,0.0,0.0,0.0,0.0,0.0
ciudad_Zellwood,0.0,0.0,0.0,0.0,0.0,0.0,0.0
ciudad_MIAMI SHORES,0.0,0.0,0.0,0.0,0.0,0.0,0.0
ciudad_Glen Saint Mary,0.0,0.0,0.0,0.0,0.0,0.0,0.0
ciudad_St. Cloud,0.0,0.0,0.0,0.0,0.0,0.0,0.0
ciudad_Palm Beach Shores,0.0,0.0,0.0,0.0,0.0,0.0,0.0
ciudad_TERRA CEIA,0.0,0.0,0.0,0.0,0.0,0.0,0.0
ciudad_Bokeelia,0.0,0.0,0.0,0.0,0.0,0.0,0.0
ciudad_Perry,0.0,0.0,0.0,0.0,0.0,0.0,0.0
ciudad_Ponce De Leon,0.0,0.0,0.0,0.0,0.0,0.0,0.0
ciudad_Cortez,0.0,0.0,0.0,0.0,0.0,0.0,0.0
ciudad_Ona,0.0,0.0,0.0,0.0,0.0,0.0,0.0
ciudad_Baldwin,0.0,0.0,0.0,0.0,0.0,0.0,0.0
ciudad_Hallandale,0.0,0.0,0.0,0.0,0.0,0.0,0.0
ciudad_Mascotte,0.0,0.0,0.0,0.0,0.0,0.0,0.0
ciudad_Sanderson,0.0,0.0,0.0,0.0,0.0,0.0,0.0
ciudad_Bascom,0.0,0.0,0.0,0.0,0.0,0.0,0.0
ciudad_Altoona,0.0,0.0,0.0,0.0,0.0,0.0,0.0
ciudad_Hastings,0.0,0.0,0.0,0.0,0.0,0.0,0.0
ciudad_Longwood,0.0,0.0,0.0,0.0,0.0,0.0,0.0
ciudad_Mc Alpin,0.0,0.0,0.0,0.0,0.0,0.0,0.0
ciudad_PORT ST LUCIE,0.0,0.0,0.0,0.0,0.0,0.0,0.0
ciudad_PALATKA,0.0,0.0,0.0,0.0,0.0,0.0,0.0
ciudad_Fort Denaud,0.0,0.0,0.0,0.0,0.0,0.0,0.0
ciudad_Frostproof,0.0,0.0,0.0,0.0,0.0,0.0,0.0
ciudad_Belle Isle,0.0,0.0,0.0,0.0,0.0,0.0,0.0
ciudad_Layton,0.0,0.0,0.0,0.0,0.0,0.0,0.0
ciudad_Marco island,0.0,0.0,0.0,0.0,0.0,0.0,0.0
ciudad_Orange City,0.0,0.0,0.0,0.0,0.0,0.0,0.0
ciudad_North Hutchinson Island,0.0,0.0,0.0,0.0,0.0,0.0,0.0
ciudad_Cantonment,0.0,0.0,0.0,0.0,0.0,0.0,0.0
ciudad_Key largo,0.0,0.0,0.0,0.0,0.0,0.0,0.0
ciudad_White Springs,0.0,0.0,0.0,0.0,0.0,0.0,0.0
ciudad_Havana,0.0,0.0,0.0,0.0,0.0,0.0,0.0
ciudad_Ormond Beach,0.0,0.0,0.0,0.0,0.0,0.0,0.0
ciudad_North miami beach,0.0,0.0,0.0,0.0,0.0,0.0,0.0
ciudad_Holiday,0.0,0.0,0.0,0.0,0.0,0.0,0.0
ciudad_Parrish,0.0,0.0,0.0,0.0,0.0,0.0,0.0
ciudad_Kenneth City,0.0,0.0,0.0,0.0,0.0,0.0,0.0
ciudad_Ochopee,0.0,0.0,0.0,0.0,0.0,0.0,0.0
ciudad_Ydaxgf Watersound,0.0,0.0,0.0,0.0,0.0,0.0,0.0
ciudad_Christmas,0.0,0.0,0.0,0.0,0.0,0.0,0.0
ciudad_Bunnell,0.0,0.0,0.0,0.0,0.0,0.0,0.0
ciudad_Moore Haven,0.0,0.0,0.0,0.0,0.0,0.0,0.0
ciudad_Gulf Breeze,0.0,0.0,0.0,0.0,0.0,0.0,0.0
ciudad_Singer Island,0.0,0.0,0.0,0.0,0.0,0.0,0.0
ciudad_Clewiston,0.0,0.0,0.0,0.0,0.0,0.0,0.0
ciudad_Coral,0.0,0.0,0.0,0.0,0.0,0.0,0.0
ciudad_Sanford,0.0,0.0,0.0,0.0,0.0,0.0,0.0
ciudad_Cape haze,0.0,0.0,0.0,0.0,0.0,0.0,0.0
ciudad_Fort Walton Beach,0.0,0.0,0.0,0.0,0.0,0.0,0.0
ciudad_Palm Coast,0.0,0.0,0.0,0.0,0.0,0.0,0.0
ciudad_Micco,0.0,0.0,0.0,0.0,0.0,0.0,0.0
ciudad_Goodland,0.0,0.0,0.0,0.0,0.0,0.0,0.0
ciudad_High Springs,0.0,0.0,0.0,0.0,0.0,0.0,0.0
ciudad_Port St Joe,0.0,0.0,0.0,0.0,0.0,0.0,0.0
ciudad_Doral,0.0,0.0,0.0,0.0,0.0,0.0,0.0
ciudad_4s6cny Watersound,0.0,0.0,0.0,0.0,0.0,0.0,0.0
ciudad_Biscayne Park,0.0,0.0,0.0,0.0,0.0,0.0,0.0
ciudad_O'Brien,0.0,0.0,0.0,0.0,0.0,0.0,0.0
ciudad_Banyan Village,0.0,0.0,0.0,0.0,0.0,0.0,0.0
ciudad_Orange Park,0.0,0.0,0.0,0.0,0.0,0.0,0.0
ciudad_Plant city,0.0,0.0,0.0,0.0,0.0,0.0,0.0
ciudad_Yankeetown,0.0,0.0,0.0,0.0,0.0,0.0,0.0
ciudad_PALM COAST,0.0,0.0,0.0,0.0,0.0,0.0,0.0
ciudad_MIAMI,0.0,0.0,0.0,0.0,0.0,0.0,0.0
ciudad_Ft Lauderdale,0.0,0.0,0.0,0.0,0.0,0.0,0.0
ciudad_Hernando Beach,0.0,0.0,0.0,0.0,0.0,0.0,0.0
ciudad_Jay,0.0,0.0,0.0,0.0,0.0,0.0,0.0
ciudad_Heathrow,0.0,0.0,0.0,0.0,0.0,0.0,0.0
ciudad_South Lauderdale By The Sea,0.0,0.0,0.0,0.0,0.0,0.0,0.0
ciudad_Goulds,0.0,0.0,0.0,0.0,0.0,0.0,0.0
ciudad_Oviedo,0.0,0.0,0.0,0.0,0.0,0.0,0.0
ciudad_Oakland Park,0.0,0.0,0.0,0.0,0.0,0.0,0.0
ciudad_NAVARRE,0.0,0.0,0.0,0.0,0.0,0.0,0.0
ciudad_Seville,0.0,0.0,0.0,0.0,0.0,0.0,0.0
ciudad_Valrico,0.0,0.0,0.0,0.0,0.0,0.0,0.0
ciudad_Walnut Hill,0.0,0.0,0.0,0.0,0.0,0.0,0.0
ciudad_Bowling Green,0.0,0.0,0.0,0.0,0.0,0.0,0.0
ciudad_Altha,0.0,0.0,0.0,0.0,0.0,0.0,0.0
ciudad_Sun City Center,0.0,0.0,0.0,0.0,0.0,0.0,0.0
ciudad_Wellborn,0.0,0.0,0.0,0.0,0.0,0.0,0.0
ciudad_Macclenny,0.0,0.0,0.0,0.0,0.0,0.0,0.0
ciudad_THE VILLAGES,0.0,0.0,0.0,0.0,0.0,0.0,0.0
ciudad_Rotonda West,0.0,0.0,0.0,0.0,0.0,0.0,0.0
ciudad_Minneola,0.0,0.0,0.0,0.0,0.0,0.0,0.0
ciudad_Sunny Isles,0.0,0.0,0.0,0.0,0.0,0.0,0.0
ciudad_Dania Beach,0.0,0.0,0.0,0.0,0.0,0.0,0.0
ciudad_JACKSONVILLE,0.0,0.0,0.0,0.0,0.0,0.0,0.0
ciudad_Sorrento,0.0,0.0,0.0,0.0,0.0,0.0,0.0
ciudad_La Belle,0.0,0.0,0.0,0.0,0.0,0.0,0.0
ciudad_Margate,0.0,0.0,0.0,0.0,0.0,0.0,0.0
ciudad_Niceville,0.0,0.0,0.0,0.0,0.0,0.0,0.0
ciudad_Panama city beach,0.0,0.0,0.0,0.0,0.0,0.0,0.0
ciudad_Deerfield Beach,0.0,0.0,0.0,0.0,0.0,0.0,0.0
ciudad_Chiefland,0.0,0.0,0.0,0.0,0.0,0.0,0.0
ciudad_Mims,0.0,0.0,0.0,0.0,0.0,0.0,0.0
ciudad_Wesley Chapel,0.0,0.0,0.0,0.0,0.0,0.0,0.0
ciudad_Port richey,0.0,0.0,0.0,0.0,0.0,0.0,0.0
ciudad_TAMPA,0.0,0.0,0.0,0.0,0.0,0.0,0.0
ciudad_Little Torch Key,0.0,0.0,0.0,0.0,0.0,0.0,0.0
ciudad_New Pt Richey,0.0,0.0,0.0,0.0,0.0,0.0,0.0
ciudad_Big Coppitt Key,0.0,0.0,0.0,0.0,0.0,0.0,0.0
ciudad_Geiger Key,0.0,0.0,0.0,0.0,0.0,0.0,0.0
ciudad_Oak Hill,0.0,0.0,0.0,0.0,0.0,0.0,0.0
ciudad_CARRABELLE,0.0,0.0,0.0,0.0,0.0,0.0,0.0
ciudad_Cape Haze,0.0,0.0,0.0,0.0,0.0,0.0,0.0
ciudad_Grant,0.0,0.0,0.0,0.0,0.0,0.0,0.0
ciudad_Gotha,0.0,0.0,0.0,0.0,0.0,0.0,0.0
ciudad_FORT MYERS,0.0,0.0,0.0,0.0,0.0,0.0,0.0
ciudad_University Park,0.0,0.0,0.0,0.0,0.0,0.0,0.0
ciudad_Lake Alfred,0.0,0.0,0.0,0.0,0.0,0.0,0.0
ciudad_Lake Suzy,0.0,0.0,0.0,0.0,0.0,0.0,0.0
ciudad_Palmetto Bay,0.0,0.0,0.0,0.0,0.0,0.0,0.0
ciudad_North Venice,0.0,0.0,0.0,0.0,0.0,0.0,0.0
ciudad_Viera,0.0,0.0,0.0,0.0,0.0,0.0,0.0
ciudad_Apollo Beach,0.0,0.0,0.0,0.0,0.0,0.0,0.0
ciudad_Windley Key,0.0,0.0,0.0,0.0,0.0,0.0,0.0
ciudad_Sumterville,0.0,0.0,0.0,0.0,0.0,0.0,0.0
ciudad_Cocoa,0.0,0.0,0.0,0.0,0.0,0.0,0.0
ciudad_Coco Plum Key,0.0,0.0,0.0,0.0,0.0,0.0,0.0
ciudad_Lake Helen,0.0,0.0,0.0,0.0,0.0,0.0,0.0
ciudad_Trinity,0.0,0.0,0.0,0.0,0.0,0.0,0.0
ciudad_ORLANDO,0.0,0.0,0.0,0.0,0.0,0.0,0.0
ciudad_Welaka,0.0,0.0,0.0,0.0,0.0,0.0,0.0
ciudad_Waldo,0.0,0.0,0.0,0.0,0.0,0.0,0.0
ciudad_Babson Park,0.0,0.0,0.0,0.0,0.0,0.0,0.0
ciudad_Tavares,0.0,0.0,0.0,0.0,0.0,0.0,0.0
ciudad_Nobleton,0.0,0.0,0.0,0.0,0.0,0.0,0.0
ciudad_River Ranch,0.0,0.0,0.0,0.0,0.0,0.0,0.0
ciudad_De Leon Springs,0.0,0.0,0.0,0.0,0.0,0.0,0.0
ciudad_Apalachicola,0.0,0.0,0.0,0.0,0.0,0.0,0.0
ciudad_Lakeland,0.0,0.0,0.0,0.0,0.0,0.0,0.0
ciudad_Medley,0.0,0.0,0.0,0.0,0.0,0.0,0.0
ciudad_AVE MARIA,0.0,0.0,0.0,0.0,0.0,0.0,0.0
ciudad_Homosassa,0.0,0.0,0.0,0.0,0.0,0.0,0.0
ciudad_Hallandale Beach,0.0,0.0,0.0,0.0,0.0,0.0,0.0
ciudad_Kenansville,0.0,0.0,0.0,0.0,0.0,0.0,0.0
ciudad_Palm City,0.0,0.0,0.0,0.0,0.0,0.0,0.0
ciudad_Saint augustine,0.0,0.0,0.0,0.0,0.0,0.0,0.0
ciudad_Hosford,0.0,0.0,0.0,0.0,0.0,0.0,0.0
ciudad_Gulfport,0.0,0.0,0.0,0.0,0.0,0.0,0.0
ciudad_North Lauderdale,0.0,0.0,0.0,0.0,0.0,0.0,0.0
ciudad_Citrus Springs,0.0,0.0,0.0,0.0,0.0,0.0,0.0
ciudad_Venice,0.0,0.0,0.0,0.0,0.0,0.0,0.0
ciudad_ALLIGATOR POINT,0.0,0.0,0.0,0.0,0.0,0.0,0.0
ciudad_N Ft Myers,0.0,0.0,0.0,0.0,0.0,0.0,0.0
ciudad_CLEARWATER,0.0,0.0,0.0,0.0,0.0,0.0,0.0
ciudad_Mcalpin,0.0,0.0,0.0,0.0,0.0,0.0,0.0
ciudad_Barefoot Bay,0.0,0.0,0.0,0.0,0.0,0.0,0.0
ciudad_Bagdad,0.0,0.0,0.0,0.0,0.0,0.0,0.0
ciudad_WINTER PARK,0.0,0.0,0.0,0.0,0.0,0.0,0.0
ciudad_Pompano beach,0.0,0.0,0.0,0.0,0.0,0.0,0.0
ciudad_Panama city,0.0,0.0,0.0,0.0,0.0,0.0,0.0
ciudad_Lake Hamilton,0.0,0.0,0.0,0.0,0.0,0.0,0.0
ciudad_Belleair Bluffs,0.0,0.0,0.0,0.0,0.0,0.0,0.0
ciudad_Sunrise,0.0,0.0,0.0,0.0,0.0,0.0,0.0
ciudad_INLET BEACH,0.0,0.0,0.0,0.0,0.0,0.0,0.0
ciudad_New smyrna beach,0.0,0.0,0.0,0.0,0.0,0.0,0.0
ciudad_The Villages,0.0,0.0,0.0,0.0,0.0,0.0,0.0
ciudad_Bartow,0.0,0.0,0.0,0.0,0.0,0.0,0.0
ciudad_Indian Harbour Beach,0.0,0.0,0.0,0.0,0.0,0.0,0.0
ciudad_Fleming Island,0.0,0.0,0.0,0.0,0.0,0.0,0.0
ciudad_Lake Butler,0.0,0.0,0.0,0.0,0.0,0.0,0.0
ciudad_Land Olakes,0.0,0.0,0.0,0.0,0.0,0.0,0.0
ciudad_Seffner,0.0,0.0,0.0,0.0,0.0,0.0,0.0
ciudad_Cloud,0.0,0.0,0.0,0.0,0.0,0.0,0.0
ciudad_Fruitland Park,0.0,0.0,0.0,0.0,0.0,0.0,0.0
ciudad_Bushnell,0.0,0.0,0.0,0.0,0.0,0.0,0.0
ciudad_Point Washington,0.0,0.0,0.0,0.0,0.0,0.0,0.0
ciudad_Dania,0.0,0.0,0.0,0.0,0.0,0.0,0.0
ciudad_Bay Lake,0.0,0.0,0.0,0.0,0.0,0.0,0.0
ciudad_Crestview,0.0,0.0,0.0,0.0,0.0,0.0,0.0
ciudad_PORT ST JOE,0.0,0.0,0.0,0.0,0.0,0.0,0.0
ciudad_Alachua,0.0,0.0,0.0,0.0,0.0,0.0,0.0
ciudad_Live Oak,0.0,0.0,0.0,0.0,0.0,0.0,0.0
tipo_vivienda_SINGLEFAMILY,0.0,0.0,0.0,0.0,0.0,0.0,0.0
ciudad_Century,0.0,0.0,0.0,0.0,0.0,0.0,0.0
ciudad_North Palm Beach,0.0,0.0,0.0,0.0,0.0,0.0,0.0
ciudad_Debary,0.0,0.0,0.0,0.0,0.0,0.0,0.0
ciudad_Miramar,0.0,0.0,0.0,0.0,0.0,0.0,0.0
ciudad_Casselberry,0.0,0.0,0.0,0.0,0.0,0.0,0.0
ciudad_East Palatka,0.0,0.0,0.0,0.0,0.0,0.0,0.0
ciudad_Rocky Point,0.0,0.0,0.0,0.0,0.0,0.0,0.0
ciudad_Crescent City,0.0,0.0,0.0,0.0,0.0,0.0,0.0
ciudad_Chuluota,0.0,0.0,0.0,0.0,0.0,0.0,0.0
ciudad_Miami Gardens,0.0,0.0,0.0,0.0,0.0,0.0,0.0
ciudad_Alligator Pt,0.0,0.0,0.0,0.0,0.0,0.0,0.0
ciudad_Sneads,0.0,0.0,0.0,0.0,0.0,0.0,0.0
ciudad_West Miami,0.0,0.0,0.0,0.0,0.0,0.0,0.0
ciudad_Shady Grove,0.0,0.0,0.0,0.0,0.0,0.0,0.0
ciudad_Ruskin,0.0,0.0,0.0,0.0,0.0,0.0,0.0
ciudad_Lake Mary,0.0,0.0,0.0,0.0,0.0,0.0,0.0
ciudad_Horseshoe Beach,0.0,0.0,0.0,0.0,0.0,0.0,0.0
ciudad_Melbourne,0.0,0.0,0.0,0.0,0.0,0.0,0.0
ciudad_Melrose,0.0,0.0,0.0,0.0,0.0,0.0,0.0
ciudad_Champions Gate,0.0,0.0,0.0,0.0,0.0,0.0,0.0
ciudad_Green Cv Spgs,0.0,0.0,0.0,0.0,0.0,0.0,0.0
ciudad_Ocklawaha,0.0,0.0,0.0,0.0,0.0,0.0,0.0
ciudad_Bronson,0.0,0.0,0.0,0.0,0.0,0.0,0.0
ciudad_Hawthorne,0.0,0.0,0.0,0.0,0.0,0.0,0.0
ciudad_Okahumpka,0.0,0.0,0.0,0.0,0.0,0.0,0.0
ciudad_Fort Mc Coy,0.0,0.0,0.0,0.0,0.0,0.0,0.0
ciudad_Osteen,0.0,0.0,0.0,0.0,0.0,0.0,0.0
ciudad_Midway,0.0,0.0,0.0,0.0,0.0,0.0,0.0
ciudad_Dundee,0.0,0.0,0.0,0.0,0.0,0.0,0.0
ciudad_Grant Valkaria,0.0,0.0,0.0,0.0,0.0,0.0,0.0
extracted_dimension_Other,0.0,0.0,0.0,0.0,0.0,0.0,0.0
ciudad_Sweetwater,0.0,0.0,0.0,0.0,0.0,0.0,0.0
ciudad_Lucie,0.0,0.0,0.0,0.0,0.0,0.0,0.0
ciudad_Branford,0.0,0.0,0.0,0.0,0.0,0.0,0.0
ciudad_Ponte Vedra,0.0,0.0,0.0,0.0,0.0,0.0,0.0
ciudad_Sandestin,0.0,0.0,0.0,0.0,0.0,0.0,0.0
ciudad_Crawfordville,0.0,0.0,0.0,0.0,0.0,0.0,0.0
ciudad_Edgewater,0.0,0.0,0.0,0.0,0.0,0.0,0.0
ciudad_Poinciana,0.0,0.0,0.0,0.0,0.0,0.0,0.0
ciudad_Valparaiso,0.0,0.0,0.0,0.0,0.0,0.0,0.0
ciudad_Lighthouse Point,0.0,0.0,0.0,0.0,0.0,0.0,0.0
ciudad_Mcintosh,0.0,0.0,0.0,0.0,0.0,0.0,0.0
ciudad_Bonifay,0.0,0.0,0.0,0.0,0.0,0.0,0.0
ciudad_San Mateo,0.0,0.0,0.0,0.0,0.0,0.0,0.0
ciudad_Citra,0.0,0.0,0.0,0.0,0.0,0.0,0.0
ciudad_West Park,0.0,0.0,0.0,0.0,0.0,0.0,0.0
ciudad_Cape Canaveral,0.0,0.0,0.0,0.0,0.0,0.0,0.0
ciudad_Safety Harbor,0.0,0.0,0.0,0.0,0.0,0.0,0.0
ciudad_Quincy,0.0,0.0,0.0,0.0,0.0,0.0,0.0
ciudad_Palatka,0.0,0.0,0.0,0.0,0.0,0.0,0.0
ciudad_Land o lakes,0.0,0.0,0.0,0.0,0.0,0.0,0.0
ciudad_Deltona,0.0,0.0,0.0,0.0,0.0,0.0,0.0
ciudad_LEHIGH ACRES,0.0,0.0,0.0,0.0,0.0,0.0,0.0
ciudad_Middle Torch Key,0.0,0.0,0.0,0.0,0.0,0.0,0.0
ciudad_Kathleen,0.0,0.0,0.0,0.0,0.0,0.0,0.0
ciudad_Eaton Park,0.0,0.0,0.0,0.0,0.0,0.0,0.0
ciudad_Geneva,0.0,0.0,0.0,0.0,0.0,0.0,0.0
ciudad_Graceville,0.0,0.0,0.0,0.0,0.0,0.0,0.0
ciudad_Lauderdale By The Sea,0.0,0.0,0.0,0.0,0.0,0.0,0.0
ciudad_Alva,0.0,0.0,0.0,0.0,0.0,0.0,0.0
ciudad_Mount Plymouth,0.0,0.0,0.0,0.0,0.0,0.0,0.0
ciudad_Bradenton beach,0.0,0.0,0.0,0.0,0.0,0.0,0.0
ciudad_Silver Springs,0.0,0.0,0.0,0.0,0.0,0.0,0.0
ciudad_St Petersburg,0.0,0.0,0.0,0.0,0.0,0.0,0.0
ciudad_Forest City,0.0,0.0,0.0,0.0,0.0,0.0,0.0
unidades_area_lote_sqft,0.0,0.0,0.0,0.0,0.0,0.0,0.0
ciudad_Banyan village,0.0,0.0,0.0,0.0,0.0,0.0,0.0
ciudad_Wildlight,0.0,0.0,0.0,0.0,0.0,0.0,0.0
ciudad_Saint George Island,0.0,0.0,0.0,0.0,0.0,0.0,0.0
ciudad_Bradley,0.0,0.0,0.0,0.0,0.0,0.0,0.0
ciudad_South Daytona,0.0,0.0,0.0,0.0,0.0,0.0,0.0
ciudad_Lanark Village,0.0,0.0,0.0,0.0,0.0,0.0,0.0
ciudad_Brandon,0.0,0.0,0.0,0.0,0.0,0.0,0.0
ciudad_Punta gorda,0.0,0.0,0.0,0.0,0.0,0.0,0.0
ciudad_Belleair,0.0,0.0,0.0,0.0,0.0,0.0,0.0
ciudad_Gretna,0.0,0.0,0.0,0.0,0.0,0.0,0.0
ciudad_Coconut Creek,0.0,0.0,0.0,0.0,0.0,0.0,0.0
ciudad_Georgetown,0.0,0.0,0.0,0.0,0.0,0.0,0.0
ciudad_EAST PALATKA,0.0,0.0,0.0,0.0,0.0,0.0,0.0
ciudad_Navarre Beach,0.0,0.0,0.0,0.0,0.0,0.0,0.0
ciudad_Copeland,0.0,0.0,0.0,0.0,0.0,0.0,0.0
ciudad_Ocean ridge,0.0,0.0,0.0,0.0,0.0,0.0,0.0
ciudad_CAPTIVA,0.0,0.0,0.0,0.0,0.0,0.0,0.0
ciudad_Kindred,0.0,0.0,0.0,0.0,0.0,0.0,0.0
ciudad_AUBURNDALE,0.0,0.0,0.0,0.0,0.0,0.0,0.0
ciudad_Paisley,0.0,0.0,0.0,0.0,0.0,0.0,0.0
ciudad_Hypoluxo,0.0,0.0,0.0,0.0,0.0,0.0,0.0
ciudad_Cape Coral,0.0,0.0,0.0,0.0,0.0,0.0,0.0
ciudad_St Augustine,0.0,0.0,0.0,0.0,0.0,0.0,0.0
ciudad_Milton,0.0,0.0,0.0,0.0,0.0,0.0,0.0
ciudad_Alligator Point,0.0,0.0,0.0,0.0,0.0,0.0,0.0
ciudad_Lauderhill,0.0,0.0,0.0,0.0,0.0,0.0,0.0
ciudad_Dade city,0.0,0.0,0.0,0.0,0.0,0.0,0.0
ciudad_LABELLE,0.0,0.0,0.0,0.0,0.0,0.0,0.0
ciudad_Pomona Park,0.0,0.0,0.0,0.0,0.0,0.0,0.0
ciudad_Pinellas Park,0.0,0.0,0.0,0.0,0.0,0.0,0.0
ciudad_Steinhatchee,0.0,0.0,0.0,0.0,0.0,0.0,0.0
ciudad_Weeki Wachee,0.0,0.0,0.0,0.0,0.0,0.0,0.0
ciudad_Coral Springs,0.0,0.0,0.0,0.0,0.0,0.0,0.0
ciudad_Miami Springs,0.0,0.0,0.0,0.0,0.0,0.0,0.0
ciudad_El Portal,0.0,0.0,0.0,0.0,0.0,0.0,0.0
ciudad_Oakland,0.0,0.0,0.0,0.0,0.0,0.0,0.0
ciudad_Nokomis,0.0,0.0,0.0,0.0,0.0,0.0,0.0
ciudad_Archer,0.0,0.0,0.0,0.0,0.0,0.0,0.0
ciudad_Yalaha,0.0,0.0,0.0,0.0,0.0,0.0,0.0
ciudad_Old Town,0.0,0.0,0.0,0.0,0.0,0.0,0.0
ciudad_Chattahoochee,0.0,0.0,0.0,0.0,0.0,0.0,0.0
ciudad_Lower Matecumbe,0.0,0.0,0.0,0.0,0.0,0.0,0.0
ciudad_Malone,0.0,0.0,0.0,0.0,0.0,0.0,0.0
ciudad_Palm Shores,0.0,0.0,0.0,0.0,0.0,0.0,0.0
ciudad_Fort mc coy,0.0,0.0,0.0,0.0,0.0,0.0,0.0
ciudad_Cedar Key,0.0,0.0,0.0,0.0,0.0,0.0,0.0
ciudad_Lauderdale by the Sea,0.0,0.0,0.0,0.0,0.0,0.0,0.0
ciudad_Arcadia,0.0,0.0,0.0,0.0,0.0,0.0,0.0
ciudad_Grove city,0.0,0.0,0.0,0.0,0.0,0.0,0.0
ciudad_Brooker,0.0,0.0,0.0,0.0,0.0,0.0,0.0
ciudad_Saint Teresa,0.0,0.0,0.0,0.0,0.0,0.0,0.0
ciudad_Bellview,0.0,0.0,0.0,0.0,0.0,0.0,0.0
ciudad_Hampton,0.0,0.0,0.0,0.0,0.0,0.0,0.0
ciudad_Lecanto,0.0,0.0,0.0,0.0,0.0,0.0,0.0
ciudad_3rgp0l Weeki Wachee,0.0,0.0,0.0,0.0,0.0,0.0,0.0
ciudad_Floral City,0.0,0.0,0.0,0.0,0.0,0.0,0.0
ciudad_Holder,0.0,0.0,0.0,0.0,0.0,0.0,0.0
ciudad_Lake Panasoffkee,0.0,0.0,0.0,0.0,0.0,0.0,0.0
ciudad_Winter Haven,0.0,0.0,0.0,0.0,0.0,0.0,0.0
ciudad_Lawtey,0.0,0.0,0.0,0.0,0.0,0.0,0.0
ciudad_Wausau,0.0,0.0,0.0,0.0,0.0,0.0,0.0
ciudad_Youngstown,0.0,0.0,0.0,0.0,0.0,0.0,0.0
zona_horaria_America/New_York,0.0,0.0,0.0,0.0,0.0,0.0,0.0
ciudad_PLACIDA,0.0,0.0,0.0,0.0,0.0,0.0,0.0
ciudad_Oldsmar,0.0,0.0,0.0,0.0,0.0,0.0,0.0
ciudad_CAPE CORAL,0.0,0.0,0.0,0.0,0.0,0.0,0.0
ciudad_Crystal River,0.0,0.0,0.0,0.0,0.0,0.0,0.0
ciudad_Beverly Hills,0.0,0.0,0.0,0.0,0.0,0.0,0.0
ciudad_Pt Washington,0.0,0.0,0.0,0.0,0.0,0.0,0.0
ciudad_Reunion,0.0,0.0,0.0,0.0,0.0,0.0,0.0
ciudad_Ramrod Key,0.0,0.0,0.0,0.0,0.0,0.0,0.0
ciudad_Trenton,0.0,0.0,0.0,0.0,0.0,0.0,0.0
ciudad_Brooksville,0.0,0.0,0.0,0.0,0.0,0.0,0.0
ciudad_Eustis,0.0,0.0,0.0,0.0,0.0,0.0,0.0
ciudad_WESLEY CHAPEL,0.0,0.0,0.0,0.0,0.0,0.0,0.0
ciudad_Westlake,0.0,0.0,0.0,0.0,0.0,0.0,0.0
ciudad_Alford,0.0,0.0,0.0,0.0,0.0,0.0,0.0
ciudad_Hutchinson island,0.0,0.0,0.0,0.0,0.0,0.0,0.0
extracted_dimension_MobileManufactured,0.0,0.0,0.0,0.0,0.0,0.0,0.0
ciudad_Dunedin,0.0,0.0,0.0,0.0,0.0,0.0,0.0
ciudad_Miami Lakes,0.0,0.0,0.0,0.0,0.0,0.0,0.0
ciudad_Ocean Breeze,0.0,0.0,0.0,0.0,0.0,0.0,0.0
ciudad_Pinetta,0.0,0.0,0.0,0.0,0.0,0.0,0.0
ciudad_Other,0.0,0.0,0.0,0.0,0.0,0.0,0.0
ciudad_Lutz,0.0,0.0,0.0,0.0,0.0,0.0,0.0
ciudad_Wimauma,0.0,0.0,0.0,0.0,0.0,0.0,0.0
ciudad_Chipley,0.0,0.0,0.0,0.0,0.0,0.0,0.0
ciudad_Saint petersburg,0.0,0.0,0.0,0.0,0.0,0.0,0.0
ciudad_Fountain,0.0,0.0,0.0,0.0,0.0,0.0,0.0
ciudad_Cottondale,0.0,0.0,0.0,0.0,0.0,0.0,0.0
ciudad_Palmdale,0.0,0.0,0.0,0.0,0.0,0.0,0.0
ciudad_Land O Lakes,0.0,0.0,0.0,0.0,0.0,0.0,0.0
ciudad_Marianna,0.0,0.0,0.0,0.0,0.0,0.0,0.0
ciudad_New port richey,0.0,0.0,0.0,0.0,0.0,0.0,0.0
ciudad_Circle,0.0,0.0,0.0,0.0,0.0,0.0,0.0
ciudad_Pt Saint Joe,0.0,0.0,0.0,0.0,0.0,0.0,0.0
ciudad_Odessa,0.0,0.0,0.0,0.0,0.0,0.0,0.0
ciudad_Grand Ridge,0.0,0.0,0.0,0.0,0.0,0.0,0.0
ciudad_Bella Collina,0.0,0.0,0.0,0.0,0.0,0.0,0.0
ciudad_Astor,0.0,0.0,0.0,0.0,0.0,0.0,0.0
ciudad_tampa,0.0,0.0,0.0,0.0,0.0,0.0,0.0
ciudad_Hilliard,-0.7295175672858022,1.4590351345716044,-3.647587836429011,0.0,0.0,0.0,0.0
ciudad_Yulee,-3.3972184331389146,6.794436866277829,0.0,0.0,0.0,-16.986092165694572,0.0
ciudad_Estero,-4.828773505019489,654.1369143585862,0.0,-1198.4159880767693,670.6037542364211,503.66836631525075,0.0
ciudad_Dade City,-6.461029129603412,12.922058259206826,-32.30514564801706,0.0,0.0,0.0,0.0
ciudad_Saint Pete Beach,-10.702242466167082,1284.0202816590268,234.43391747999704,-742.1761154712294,2180.0214681754587,-27.234286081627943,-1698.5561964334338
ciudad_Palm Springs,-11.095616909861565,53.163869061113694,0.0,-109.0060082207201,0.0,0.0,53.52792367141228
ciudad_Palm Bay,-16.58401647413848,1045.559720576522,1249.7841634921497,-1812.0720265044947,422.8567239744589,498.03247069200734,-441.52141402481357
ciudad_Zolfo Springs,-20.859424811892676,41.71884962378535,0.0,-104.29712405946339,0.0,0.0,0.0
ciudad_Eastpoint,-26.80157963995589,53.603159279911786,0.0,-134.00789819977945,0.0,0.0,0.0
ciudad_Orchid,-27.25748885878129,495.974164022311,127.46418412582716,355.161934128555,-502.9425807868829,586.8415087168105,-702.8124904782162
ciudad_Wildwood,-28.454648983979133,30.088696502516537,0.0,0.0,-47.80694734927965,-17.004531326820143,-77.46176624379586
ciudad_Stock Island,-31.447803896595723,673.824036521635,0.0,-1142.2869691001833,985.0479496172047,0.0,0.0
ciudad_Osprey,-35.12964947859291,67.67185974462043,-5.23565306403907,0.0,-170.41259432892548,0.0,0.0
ciudad_Madeira Beach,-38.19290711588692,1490.8587054768439,1785.8035393375321,443.21862131665694,-813.4217184853624,897.1401726854383,-2503.7051504336996
ciudad_Terra Ceia,-41.47212963050697,130.12138777284403,-293.0983093086397,0.0,0.0,0.0,85.73766115610488
ciudad_Everglades,-46.14804914530832,123.71316150426397,0.0,58.63047102582641,-289.370716752368,0.0,0.0
ciudad_Key Largo,-52.64013813908677,745.0665541352547,487.4644962514867,328.4506049839547,-1031.7898903889,806.4768229310866,-853.802724473062
ciudad_Watersound,-56.61993279055459,977.5730901236392,1390.779204897699,3.258472978195641,0.0,13.957742317346856,-1691.0950841460144
ciudad_Miami Shores,-57.27692242814228,114.55384485628456,-286.3846121407114,0.0,0.0,0.0,0.0
ciudad_Gainesville,-59.68053735716967,263.8452828362998,0.0,0.0,-550.0494551076554,251.64676832180703,0.0
ciudad_Howey In The Hills,-72.14549870638875,390.67275010964914,-819.2576762531535,0.0,0.0,149.131612164143,309.3985705570667
ciudad_Vernon,-73.48070045002969,146.9614009000594,-367.40350225014845,0.0,0.0,0.0,0.0
ciudad_Carrabelle,-76.19636141662485,706.4189379321643,518.3288993374445,75.07529335614527,454.9197377843666,0.0,-1429.3057375610806
ciudad_North port,-76.32382584734587,1041.4305327190586,1662.8204151045065,-972.5745107996627,227.8391007129103,-1299.7041342544835,0.0
ciudad_Sea Ranch Lakes,-76.94203060304281,153.88406120608562,0.0,0.0,0.0,-384.710153015214,0.0
ciudad_Immokalee,-77.32962436643429,887.8609354761054,1621.7488219745574,-299.3724499985692,-303.68963528971653,-995.9088191463379,-409.42603937210515
ciudad_Mary Esther,-78.10072806172539,200.0845031466523,0.0,0.0,82.61605678446358,0.0,-473.1196970930905
ciudad_Weirsdale,-80.81792118754238,693.7706263292729,361.75168009026675,0.0,115.40402934874874,-1417.0362664467539,535.7909510700265
ciudad_Largo,-87.43274428625591,174.86548857251182,-437.16372143127955,0.0,0.0,0.0,0.0
ciudad_Panama City,-93.3554105480085,553.661499763109,-205.6853593904525,0.0,735.4479586601374,0.0,-996.5396520097274
ciudad_Okeechobee,-93.41657915615943,240.27655340349537,-571.5926982383244,0.0,0.0,44.57262294413522,59.93717951339204
ciudad_Belleview,-95.13885382428998,426.64273259598923,411.0883765196777,0.0,0.0,0.0,-886.7826456411276
ciudad_Myakka City,-97.00336846137652,436.8735541881305,97.58610388042871,-819.1621126773534,-126.45180253742728,527.1300094757462,-164.1190404482768
ciudad_Rosemary Beach,-97.53300218603108,884.5539088711471,521.2243066676892,30.495870724960696,-1512.892007221235,1038.6855031439336,-565.178684245504
ciudad_Indian River Shores,-98.91738458025502,931.6926014967669,1107.9579210052034,-1215.1771810833015,780.0026107777958,-139.17885086487513,-1028.1914227360976
ciudad_Gulf Stream,-108.3892596743186,636.7066252642874,-801.3301591379568,673.374145438429,-280.1320984949707,-738.7631604152266,604.9049742381321
ciudad_Pompano Beach,-116.12855088522193,383.4825118224159,-187.89879995968658,-783.8639006289304,0.0,0.0,391.1199461625074
ciudad_Cutler Bay,-120.09661619839025,715.7345171429838,-680.603369616787,0.0,-993.6754585627932,1087.5179623293225,-13.722215141693596
ciudad_Ocean Ridge,-124.14324603675632,629.9059037436966,1053.7174027448054,-654.0862063610693,0.0,-476.547831228585,-543.7995953389327
conteo_vistas_recorrido,-124.94719248272013,249.89438496544025,0.0,0.0,0.0,-624.7359624136006,0.0
ciudad_South Pasadena,-126.85334526548395,253.7066905309679,0.0,0.0,-634.2667263274197,0.0,0.0
ciudad_Bradenton,-133.07874753202776,1248.958590360931,-2491.523274473613,0.0,993.6091584977694,832.5203783157049,0.0
ciudad_Lighthouse Pt,-133.5659816461848,442.2582490426785,0.0,0.0,0.0,-983.5928582853521,315.7629500544281
ciudad_Spring Hill,-134.64180860249326,269.2836172049865,-673.2090430124663,0.0,0.0,0.0,0.0
ciudad_Wewahitchka,-138.46873350158566,204.36659078279845,0.0,-526.486268782639,-165.85739872528939,0.0,0.0
ciudad_Morriston,-139.78971117042238,305.1038652163944,-246.148678911326,-627.4754157583811,-61.01989552809391,314.48633691546274,-78.7909025697736
ciudad_Merritt Island,-147.6002569158445,845.6967564011837,-996.6729211629136,-1215.6655873188283,962.7146802227362,-23.514789473614655,535.1373331533978
ciudad_Golden Beach,-149.19123441294067,1992.2948944776304,1916.3579499095795,1823.151177147054,-381.54856306966394,-3534.2760218738695,-569.6407141778036
ciudad_Seminole,-151.02480333547572,302.04960667095145,-755.1240166773787,0.0,0.0,0.0,0.0
ciudad_Labelle,-159.6203354359139,319.2406708718278,0.0,-798.1016771795694,0.0,0.0,0.0
ciudad_Indialantic,-161.52249953007558,431.8647249091477,-323.3085549293319,-882.2996716611669,-131.1238157087355,157.73056573310168,371.3889789157547
ciudad_Bradenton Beach,-162.41647463365226,1262.2709537703133,1201.3593466136954,-1733.7009210353717,1162.4785845004371,72.04772100003902,-1514.267104247061
tipo_vivienda_CONDO,-164.83687565576983,1374.4656347893986,1607.536497033725,-1186.1961506469524,-1556.7485564466915,1404.3119963995996,-1093.0881646185298
ciudad_Lantana,-166.9884712798521,464.75322465272455,-20.923538568720687,-1073.2122438199585,259.19342598941876,0.0,0.0
ciudad_Panama City Beach,-172.19533188608474,440.3647899535046,180.74873506766744,0.0,0.0,-1041.7253944980912,0.0
ciudad_North Miami,-172.43858179850503,529.5820133428823,0.0,0.0,-1198.9742314199102,0.0,336.781322427385
ciudad_Big Pine Key,-172.91594997728242,482.5696745012317,0.0,0.0,167.6468318402185,97.48909027868649,-1129.7156720053172
ciudad_South Miami,-181.28303747783647,206.553048822662,0.0,-354.7307052022661,-499.0313437837758,0.0,-52.653138403140474
ciudad_Palm Beach,-187.10538604888134,2006.6020996194654,782.3504934356897,-1526.1152914834092,2525.563422451145,-3268.610707917309,551.2851532694767
ciudad_Hillsboro Beach,-187.28978054422186,272.7803106045679,0.0,-701.638809365104,0.0,-234.81009335600538,0.0
ciudad_Sugarloaf Key,-187.3928434487898,374.7856868975796,0.0,0.0,0.0,0.0,-936.964217243949
ciudad_North Pt,-189.36382304251893,958.7336186209355,964.4920793300844,0.0,598.0016432589618,-842.9722867391538,-1666.340551062487
ciudad_Port Saint Lucie,-191.1659079646808,577.7285282013106,-429.9202087733429,611.2454217472114,0.0,0.0,-1137.1547527972725
ciudad_Saint James City,-195.02928077295655,390.0585615459131,0.0,0.0,0.0,0.0,-975.1464038647828
ciudad_St Pete Beach,-198.32179717901164,422.6896369179105,106.1137095495942,-453.90328428847715,-898.7330294986605,254.91361834248528,0.0
ciudad_Wilton Manors,-202.45643299237128,168.76053366056402,0.0,0.0,-280.4648299495457,-344.63899242546177,-387.1783425868489
ciudad_Lakewood Ranch,-205.00021696656478,374.21141910319517,-716.2264841808937,154.98522298043827,0.0,132.64648827415658,-596.4063119065249
ciudad_Redington Beach,-206.92547942359232,493.5933881319262,-396.4618504742393,-456.55312948010396,-815.4263298376463,0.0,633.813912674028
ciudad_Plantation,-207.32141646795208,275.6547651617673,0.0,-443.925316948269,-303.37289306888124,-507.8926399163902,218.58376759378007
ciudad_Indiantown,-211.87667878814972,423.7533575762995,-1059.3833939407486,0.0,0.0,0.0,0.0
ciudad_Redington Shores,-222.05443967350294,390.6476006296314,0.0,146.7370990719064,93.70992391440086,-492.28301914950134,-858.4362022043206
extracted_dimension_Apartment,-224.49785155305872,448.99570310611745,0.0,0.0,0.0,0.0,-1122.4892577652936
ciudad_Upper CAPTIVA,-224.78708261527353,245.66710170359124,-202.41148463875288,-671.5156147155794,0.0,-250.00831372203538,0.0
ciudad_Boca Raton,-231.15913144905352,1508.0990481350386,1909.0120202946127,593.9849182209,-685.6296970096882,-313.5715291679953,-2659.591369583097
ciudad_Duplex Miami,-233.16617981804302,463.5901045690422,0.0,-218.24497571244137,51.72255058871815,-1130.8421874356573,131.53371346916538
ciudad_Atlantic Beach,-237.04816277261125,1144.780198342038,1269.5568016477628,-978.0602472854662,992.7180670300731,-895.1713040120085,-1574.2841312434175
ciudad_Lake Worth,-237.1853425775189,770.7172559399412,-298.49165506783174,-224.7766274153255,-642.4589476495748,1151.5220919534331,-1171.7215747082955
ciudad_Florida City,-237.8122954434366,298.49897879481966,0.0,-491.2155830718111,0.0,-697.8458941453719,0.0
ciudad_Parkland,-246.75529691172997,381.4203594062898,-262.0134943696321,-46.80933597625699,310.1835459477734,-391.725328468252,-843.4118716922821
ciudad_Ocean Reef,-249.54085379129975,869.2303149729631,1069.7682300296146,-57.15592653991189,-726.3581371802138,19.588847115810495,-1553.5472823817981
ciudad_Treasure Island,-253.31194018672687,682.3466868582867,695.2364561173599,-524.4691205373383,311.68326524755685,-511.37078418035526,-1237.6395175808575
ciudad_South Palm Beach,-255.02434020822403,638.0434936511597,0.0,-1355.263011022529,-470.1917410456226,0.0,550.3330510270316
ciudad_Miami,-256.5320687955362,511.3529268660603,-818.2648273137165,620.5385318931658,-139.3245751108043,-712.9372190393042,-232.67225440702168
ciudad_Mc David,-261.3010347655392,191.56795768955845,-206.9949472747394,-255.7866609886987,-247.68641966610448,-596.0371458981535,0.0
ciudad_West Palm Beach,-265.19680642699825,1214.2957176266252,-517.5655359412194,-874.134483388043,1932.4985307382885,-153.89050296577625,-1712.892040578241
tipo_vivienda_TOWNHOUSE,-268.4566548518487,1323.3641109128578,329.3445002955268,1306.602403527475,-2168.9245173416566,660.5721925648395,-1469.8778533054283
ciudad_North Port,-277.3861163613154,437.3157912306005,102.74921134108445,-1077.112714120536,0.0,-412.56707902712515,0.0
ciudad_Jupiter,-278.22004361141006,857.0709786811009,384.7888665847713,-721.4052976903622,859.576454832044,-316.4396845950978,-1597.6205571884057
ciudad_Loxahatchee,-278.54721726864807,639.6360476514044,-204.02808372006984,-1525.306931844214,234.54149681521812,0.0,102.05743240582524
ciudad_Homestead,-286.0330567556899,1099.5095618383098,1041.1350663256599,392.56459248962346,0.0,-685.3567750891089,-2178.508167504624
ciudad_Keystone Heights,-290.51009174154603,791.9717165172218,-1579.9649641941069,0.0,44.177154818491545,768.3825394854066,-685.1451888175216
ciudad_Seacrest,-308.29909167508595,616.5981833501719,0.0,0.0,0.0,0.0,-1541.4954583754297
ciudad_Jensen Beach,-308.5311660912936,666.8026127612297,-0.4167579594650306,-516.6828146665357,833.4087755550281,-999.0491562128882,-859.915877172607
ciudad_Ocala,-308.6178438815521,463.6116706830418,0.7298096513841301,0.0,0.0,-348.1084739967482,-1195.7105550623965
ciudad_Navarre,-311.4088468474336,749.4746168443152,-1316.908898951835,-8.130689817480743,-1080.3424792787991,297.391972990823,550.9458608201239
tipo_vivienda_MULTI_FAMILY,-322.54717325295786,1438.9340984603368,2496.515551018063,-1515.488829572976,-878.1051830428187,-633.4017355825636,-1082.255669084494
ciudad_Thonotosassa,-329.13530316472753,1156.2919329663748,1048.790778781462,0.0,0.0,-2464.5219520066166,-229.94534259848297
ciudad_North Fort Myers,-329.1450322459568,319.44978110724577,0.0,-696.8701653684839,-233.45846927538514,-715.3965265859151,0.0
ciudad_Summerland Key,-330.3089454245055,622.9782396865729,0.0,-63.04660361917922,-1575.3993079711217,-13.098815532226581,0.0
ciudad_Daytona Beach,-333.3778799363412,666.7557598726823,0.0,0.0,0.0,0.0,-1666.889399681706
ciudad_Vero Beach,-333.38771988934604,1929.79271919329,838.7076040491811,1753.6191572032985,-1598.8648910460179,826.4628926966689,-3486.863362349861
ciudad_Pensacola Beach,-339.65122436034727,977.587835848931,1136.466009956086,-490.3926057384815,60.00713535776595,-520.572222798015,-1883.7644385790918
ciudad_Sarasota,-348.4206920769182,1936.0867329078421,936.8660412689787,1735.968487418606,-2669.483902561711,972.3190566238482,-2717.7731431343127
ciudad_Summerfield,-350.87987045971676,713.1687884131388,545.3030588931288,0.0,-820.4874209717964,0.0,-1479.2149902199162
ciudad_Winter Park,-350.915999236668,1378.9703217197912,1023.9787127363379,402.72701831831364,105.4432830477599,-320.418474755832,-2966.3105355299194
ciudad_Fort Lauderdale,-360.23048430267954,613.0360106725165,170.46008282952243,-8.970065287663601,164.423639446788,-739.8677223451086,-1387.198356156936
ciudad_Bal Harbour,-360.97144242585637,1288.4106394412206,-1022.1915417315904,-1175.9523718718556,1727.6052241424331,-1818.017526067677,483.69900339940796
ciudad_Celebration,-375.3907467852929,392.13792943347397,0.0,-893.0370123942266,-801.7088082238915,-182.20791330834618,0.0
ciudad_Saint Petersburg,-384.6971799338004,1035.17048623497,913.5772023504251,-1611.8314209650853,252.98471802507993,129.41419972013682,-1607.6305987995584
ciudad_Lake Park,-392.0764698786894,1531.4811538267036,1898.0925779024838,321.4774702889845,-2253.817879332986,0.0,-1926.134518251929
ciudad_North Miami Beach,-393.20993692899356,772.4776481540475,-389.4721442362061,-503.85622765449807,368.123037076497,323.0308468010626,-1763.8751966318232
ciudad_CORAL GABLES,-395.9217493450036,514.5224309378207,-638.7728033937165,-958.5823177661514,-785.8818658483797,403.6282402832294,0.0
ciudad_Miramar Beach,-404.178050714347,1110.843515640588,-2582.8107579463394,0.0,0.0,0.0,561.9205043746042
dormitorios,-414.9146817402332,2401.747358883387,-587.5993437163415,-633.7288007091847,1682.3259442405542,-4652.387235481292,2116.816026965098
ciudad_Englewood,-423.69212525913025,419.3658496823489,-444.8103452142677,-1207.0778038800345,0.0,-314.451681868115,-152.12079533323413
ciudad_Hutchinson Island,-426.3043461938854,431.9469684772302,-396.0245421581785,-1201.2234389480436,-489.70202004211023,-44.57172982109478,0.0
ciudad_Sebring,-431.85648226342164,642.5659336071567,108.96394852863159,-679.9144806605182,0.0,0.0,-1588.3318791852216
ciudad_Lady Lake,-434.2946421128698,532.1156007174555,-1061.7961439781357,-1109.6770665862132,0.0,0.0,0.0
ciudad_Flagler Beach,-448.00988815720194,377.4105590396055,-790.1558565807645,71.10522680997383,-257.4969308646396,-298.70998999499716,-964.7918901555822
ciudad_Pierson,-450.6048336100997,725.2690330007105,-1051.3554748856695,-1007.2031183911604,-965.156904276635,770.6913295029663,0.0
ciudad_Barefoot Beach,-461.29335990248944,774.1582943275491,-1540.163655641023,-1032.75346770935,0.0,-408.2457256047637,674.6960494426894
ciudad_Punta Gorda,-466.44975059602876,774.2295479970977,0.0,-119.21802049339749,0.0,-205.94100333971437,-2007.089729147032
ciudad_Pinecrest,-473.8132992813829,732.1840431571499,-461.75736709375633,-416.2387215584167,615.6616178857512,-413.72201140539255,-1693.0100142351002
ciudad_Pt Charlotte,-474.5122668099124,656.1248239715334,0.0,-704.7286251797341,0.0,0.0,-1667.832708869828
ciudad_Destin,-480.0995917260181,1135.778946709901,1117.909515894251,-668.5335870097624,156.57403987791622,-2328.4234323438723,-678.0244950486231
ciudad_Ocoee,-488.01129642028826,723.4024372353024,0.0,-915.3588675790234,-988.2523576709209,693.2655988713959,-1229.710855722893
elegibilidad_recorrido,-498.6497373266611,2127.985212207048,761.2438466786407,2198.508487046114,-1091.8859419240616,-4151.604733473854,-209.51034496014472
ciudad_Orlando,-500.3369526559254,1000.6739053118508,0.0,0.0,0.0,0.0,-2501.684763279627
ciudad_Hernando,-505.85388966730096,556.3003581241308,0.0,-978.4468244202435,-197.9567089547636,0.0,-1352.8659149614978
ciudad_Fellsmere,-508.08058503969806,1674.0693803339946,2239.83235027903,-1261.3872093984392,-640.4561269166879,0.0,-2878.391939162393
ciudad_San Antonio,-508.3188023892464,770.9123701552003,-449.2695252640988,-78.50645446573617,0.0,0.0,-2013.8180322163971
ciudad_Sanibel,-510.5720332542434,523.1504435502025,-301.68036935984856,-446.7474214519607,-22.424663477460854,-1520.6775915461476,-261.3301204357995
ciudad_Clearwater Beach,-528.2969473974663,534.1469410844915,-376.4893361655413,-1542.0825654158834,-218.29784497030778,-504.6149904355989,0.0
ciudad_Riverview,-560.8948110085912,619.8758919179135,-1153.1632917153765,-903.2990029940265,-1106.2594187064678,353.0926367001957,5.155021672719158
direccion_no_divulgada,-569.3881058763479,1082.588077086809,-466.67495166970184,0.0,74.88562368176645,229.0852590808645,-2684.236460474669
ciudad_Chokoloskee,-580.4913864080445,532.7574771850725,-448.3285488715628,0.0,-297.42873518547276,-1572.7509111161926,-583.9487368669943
ciudad_Juno Beach,-583.5132005463471,480.0799710636582,0.0,-969.7316516350256,0.0,-880.6075744811096,-1067.2267766156
es_mostrado,-585.011584883905,720.7246069867299,711.6062908840831,-838.3158762204112,-450.3384065100108,-909.5474610379897,-1438.4624715351965
ciudad_Opa Locka,-592.916182103334,828.5462078229748,-2087.132493859506,0.0,0.0,-912.5977033764939,35.14928671933012
ciudad_Delray Beach,-600.5724803939345,470.3843892480917,-139.56733944278676,-707.1406266969861,-1382.9499470841838,-87.65088188962545,-685.5536068560905
ciudad_Holmes Beach,-634.1615834634285,1717.9041351534538,277.8818022577325,769.9424377701944,-3897.51554187102,493.109293032845,-814.2259085068945
ciudad_Lehigh Acres,-634.5599583448609,1556.997607385681,1234.3631098387414,-2137.303547088697,1226.3483532923274,-1285.9587144402321,-2210.248993326444
ciudad_Saint Augustine,-652.4870476050768,716.3342626926662,353.09297883004183,-895.8894631397561,-1545.3733565769508,0.0,-1174.265397138719
ciudad_New Smyrna Beach,-669.499845079286,1797.5586979107454,2396.439258386439,-321.00259674707195,-1183.8558259280398,-1079.141479540791,-3159.9385815669666
ciudad_Key Biscayne,-672.3132801232393,1896.0609763202358,1728.143025498779,153.3615979781025,-2417.9061927639414,509.42372992425226,-3334.5885612533893
ciudad_Southwest Ranches,-673.5522360931733,1399.0589788028915,-89.80371493357234,1295.9406113256118,-316.8498606614885,-1351.979570558702,-2905.0686456377152
ciudad_Micanopy,-683.1558826363529,1773.1646328480197,-1975.4636822501197,757.9897561617545,-1443.9509807259892,1990.052018571063,-2744.406524938473
ciudad_Aventura,-690.4879363452434,1059.1256699579349,-1057.7409616525401,-349.02822422253666,-1451.0540263228468,1197.6207052735263,-1792.2371748018195
ciudad_Naples,-708.6706324399332,1190.34034919004,1508.611992740538,-877.6826934190467,-1101.0695005637244,-982.2099575704779,-2091.0030033869552
ciudad_Bay Harbor Islands,-714.89999178726,877.9316840189215,0.0,-1695.1443843094166,3.0463244597776793,-2.0555982484365813,-1880.3463008382241
ciudad_Williston,-730.3117080946337,2013.5717477824983,0.0,1102.5901035045972,-4158.70658474206,1160.241736532771,-1755.6837957684766
ciudad_Surfside,-775.0840011862107,1130.9918778997167,1173.4571937088622,-448.48094703129027,-2226.011880350008,-1341.096009116678,-1033.288363141939
ciudad_Boynton Beach,-790.4170836115139,1524.454636857345,1003.4737501207856,-2079.999239905039,-103.1788817452034,280.6260396942962,-3053.0070862224093
ciudad_Cocoa Beach,-807.8377266395255,1145.8628184275774,467.4995072092861,-1615.5118251411477,-647.4964790021768,303.51642601948697,-2547.196262283076
ciudad_Miromar Lakes,-815.4472538898815,698.3374014938731,-740.7433998112683,-1581.1880217071157,-1157.557380206592,474.33396805188386,-1072.0814357763156
ciudad_Riviera Beach,-826.578619361564,415.37627771598545,-918.5508761192905,-1255.0367624092614,-63.41910115000792,-1119.379495299072,-776.5068618301884
ciudad_Fort Myers Beach,-828.283044122532,2651.941579788489,3043.8535480484134,-322.2236232829164,438.639018312213,-4740.718733595742,-2560.9654300946277
tipo_vivienda_SINGLE_FAMILY,-829.8563747409032,1688.1753840277256,505.22963453811826,-3042.561746662366,-1175.0293078671093,1612.4420190353994,-2049.3624727485585
ciudad_Placida,-862.5267185998149,695.1659969828411,-1793.71729025268,-79.20296507759485,-948.5351099921972,-74.46297702280572,-1416.7152506537968
ciudad_Reddick,-872.3212406523526,546.1011126028864,-463.840202594467,-105.74452352809021,-1303.2074307876173,-1614.594094991684,-874.2199513599044
ciudad_Plantation Key,-878.657854109141,1796.8428975760248,-746.7885028810706,-2346.7477722556796,-2543.4867317634635,2451.585478105175,-1207.8517417506664
auto_recorrido,-1007.5063769189176,376.5525915270935,-431.855083309114,-1509.3702833601274,-1094.5097222477198,-757.9369136151508,-1243.8598820624757
ciudad_Hobe Sound,-1064.013403796917,1461.367347374418,-112.45352669031126,191.076022414607,-3269.4595816580113,226.3659367330256,-2355.595869783894
conteo_fotos,-1083.8270195094751,1159.580258227209,-1122.0409823378432,-2389.5400554174557,634.6811478453455,-2269.456020902144,-272.7791867352789
tiene_video_publico,-1088.7492411056999,1389.0473376960063,923.3874559408869,-829.1093274725717,-1531.6401717271074,-649.9382676059613,-3356.445894663746
ciudad_Melbourne Beach,-1091.672023104527,865.3921526172252,-867.6974611780606,-2183.6650816628244,394.0047849478433,-1172.556040777592,-1628.4463168520015
ciudad_Jupiter Inlet Colony,-1132.7336015770445,1471.428176109983,1364.274789422925,-401.67051881045336,-1591.9515160365263,-2594.1153750225785,-2440.2053874385892
tasa_impuesto_propiedad,-1203.2957873561536,1320.1138348918287,-1174.9796254371759,-521.8060959513532,-1589.0392328539747,640.5352239664644,-3371.1892065047286
ciudad_Inlet Beach,-1244.8590939905262,913.8005542622064,451.6011771229678,-1400.7835344708874,-1905.1401371044922,-2159.0498173133237,-1210.9231581868953
extracted_dimension_SingleFamily,-1258.2755636648508,1123.3701964736902,-1263.4295692523592,-961.5352243588422,-1734.3970171713736,562.8649463291513,-2894.88095387083
extracted_dimension_Condo,-1297.5749406832504,962.3482789009678,-1945.5014775802847,-487.5143213843694,-2268.687258423597,-1961.7957974858582,175.6241514578578
ciudad_Alys Beach,-1701.35196217614,993.1949151774751,-193.46846941974945,-3145.271194294328,-1526.9837183490163,-2327.844463121728,-1313.191965695878
ciudad_Miami Beach,-1704.3918025336577,2477.1205423605866,1248.369311864255,-3251.2980521676363,1364.4190976561513,-3677.1527969359886,-4206.29657308507
extracted_dimension_VacantLand,-1737.674084368511,1213.0751540959857,-1494.6821066649863,-1548.0409655042458,-3935.3034813828417,-193.5240785953356,-1516.819789695146
geocodificacion_deficiente,-1746.5816592791234,650.3038440890158,-1216.4988476498984,-767.0057444553822,-2289.0191653540824,-2466.7528278095997,-1993.6317111266544
ciudad_Wellington,-1781.9697837056942,602.1614748182071,-1827.9285168746137,-1475.8009575093747,-1189.5843871400575,-1500.1853789652232,-2916.3496780392015
codigo_postal,-2028.4207725073443,715.6820705585288,-1258.1345565572265,-2636.059551541868,-2817.3431250820286,-2339.7550021631178,-1090.811627192481
tipo_vivienda_LOT,-2090.5031723540624,943.5192154043789,-1155.3771159440512,-2318.2508490974433,-2162.4628180399886,-1120.238135640393,-3696.1869430484367
ciudad_Longboat Key,-2373.107978383615,540.0206148617494,-2064.4899265659624,-2847.8484089126578,-1593.3950576470234,-3092.994539970532,-2266.811958821898
ciudad_Captiva,-2697.982127747673,1783.111988427491,-1172.9491155585274,-122.12566500407411,-3393.613432822225,-4972.837172045896,-3828.3852533076424
banos,-4566.793600744824,2459.53697410675,-3078.8257428916986,-3105.0306116701104,-5056.852772815328,-2432.8026823357213,-9160.456194011262
latitud,-6744.392044112086,2113.790734186615,-5497.9711723969085,-5254.052567635605,-4384.119565084926,-9343.512800165452,-9242.30411527754
longitud,-16923.330149169335,3295.6722690680867,-15200.530608344125,-14713.61775663466,-16886.892058291065,-23299.77519351861,-14515.835129058221
area_habitable,-28248.11066612385,1988.8926713383048,-30101.496056616597,-27150.887958003208,-25096.001521138416,-30526.237457312876,-28365.93033754814
